Igor, 657381325,/sum
Igor, 657381325,/hi
Igor, 657381325,/time
Igor, 657381325,/sum
Igor, 657381325,/sum 12 13
Igor, 657381325,/sum 1 6
Igor, 657381325,/hi
Igor, 657381325,/hi
Igor, 657381325,/hi
Igor, 657381325,/time
Igor, 657381325,/time
Igor, 657381325,/hi
Igor, 657381325,/help
Igor, 657381325,/time
Igor, 657381325,/help
Igor, 657381325,/sum 5 9
Igor, 657381325,/time
Igor, 657381325,/hi
Igor, 657381325,/help
Igor, 657381325,/time
Igor, 657381325,/sum 10 20
Igor, 657381325,/hi
Igor, 657381325,/sum 5 3
Igor, 657381325,/sum 1 200000000
Igor, 657381325,/hi
Igor, 657381325,/hi
Igor, 657381325,/time
Igor, 657381325,/help
Igor, 657381325,/time
Igor, 657381325,/hi
Igor, 657381325,/sum
Igor, 657381325,/sum 10 5
Igor, 657381325,/hi
Igor, 657381325,/help
Igor, 657381325,/exchange
Igor, 657381325,/exchange
Igor, 657381325,/help
Igor, 657381325,/time
Igor, 657381325,/exchange
Igor, 657381325,/exchange
Igor, 657381325,/exchange
